Name #1; dE(+N2) #2; dE(AE) #3; dE(ST) #4; dG(+N2) #5; dG(AE) #6; dG(ST) #7; LUMO(min) #8; LUMO(S) #9; HOMO(S) #10; LUMO(T) #11; HOMO(T) #12; LUMO(D) #13; HOMO(D) #14; State #15; C-N(S) #16; N-N(S) #17; C-N(T) #18; N-N(T) #19; C-N(D) #20; N-N(D) #21; C-N(min) #22; N-N(min) #23; AE(S) #24; AE(T) #25; AE(S) N2 #26; AE(T) N2 #27; C-N-N(S) #28; C-N-N(T) #29; RSD(S) #30; RSD(T) #31; LUMO_N2(S) #32; HOMO_N2(S) #33; LUMO_N2(T) #34; HOMO_N2(T) #35; LUMO_N2(D) #36; HOMO_N2(D) #37;  dE(+N2) (D) #38;
"N-O-Pyridine-2"; -124.11000; -809.49000; -91.84000; -65.02000; -808.69000; -89.42000; -0.38716; -0.38716; -0.47647; -0.38544; -0.50850; -0.13371; -0.23480; 0; 1.36300; 1.11600; 1.33240; 1.14490; 1.42330; 1.19420; 1.36300; 1.11600; -898.11000; -808.69000; -693.31000; -829.41000; 178.51; 178.77; 0.4951; 0.0012; -0.31780; -0.43980; -0.37499; -0.38135; -0.09821; -0.20575; -1.90000;
"N-O-Pyridine-3"; -92.34000; -817.79000; -49.84000; -34.08000; -816.32000; -47.15000; -0.38881; -0.37779; -0.46384; -0.38881; -0.48939; -0.12712; -0.23675; 1; 1.38770; 1.11260; 1.33990; 1.14410; 1.46130; 1.18320; 1.33990; 1.14410; -863.47000; -816.32000; -720.51000; -836.16000; 179.97; 178.04; 0.2439; 0.0009; -0.32255; -0.41898; -0.36988; -0.37033; -0.10370; -0.22970; 11.69000;
"N-O-Pyridine-4"; -123.27000; -799.60000; -78.67000; -63.77000; -798.52000; -75.51000; -0.38204; -0.38204; -0.45745; -0.38164; -0.49120; -0.12372; -0.23106; 0; 1.36350; 1.11930; 1.34140; 1.14270; 1.32810; 1.15550; 1.36350; 1.11930; -874.03000; -798.52000; -654.89000; -786.96000; 179.99; 179.95; 0.4161; 0.0000; -0.31169; -0.43915; -0.37037; -0.38084; -0.09669; -0.17940; 32.09000;
