Name #1; dE(+N2) #2; dE(AE) #3; dE(ST) #4; dG(+N2) #5; dG(AE) #6; dG(ST) #7; LUMO(min) #8; LUMO(S) #9; HOMO(S) #10; LUMO(T) #11; HOMO(T) #12; LUMO(D) #13; HOMO(D) #14; State #15; C-N(S) #16; N-N(S) #17; C-N(T) #18; N-N(T) #19; C-N(D) #20; N-N(D) #21; C-N(min) #22; N-N(min) #23; AE(S) #24; AE(T) #25; AE(S) N2 #26; AE(T) N2 #27; C-N-N(S) #28; C-N-N(T) #29; RSD(S) #30; RSD(T) #31; LUMO_N2(S) #32; HOMO_N2(S) #33; LUMO_N2(T) #34; HOMO_N2(T) #35; LUMO_N2(D) #36; HOMO_N2(D) #37;  dE(+N2) (D) #38;
"Ph"; -146.51000; -801.48000; 79.70000; -82.64000; -796.11000; 79.37000; -0.41094; -0.35345; -0.48984; -0.41094; -0.48444; -0.09348; -0.24934; 1; 1.38320; 1.11380; 1.40930; 1.19140; 1.46020; 1.18380; 1.40930; 1.19140; -796.11000; -875.48000; -661.87000; -890.54000; 179.99; 126.10; 0.0000; 0.0000; -0.30012; -0.46336; -0.40610; -0.41147; -0.08043; -0.20801; 0.64000;
"4-NO2-Ph"; -158.28000; -874.23000; 68.20000; -95.37000; -867.56000; 63.99000; -0.42268; -0.37581; -0.47245; -0.42268; -0.48992; -0.12122; -0.28202; 1; 1.38870; 1.11260; 1.36510; 1.12200; 1.34090; 1.15070; 1.36510; 1.12200; -867.56000; -931.54000; -690.66000; -868.76000; 180.00; 180.00; 0.0002; 0.0037; -0.32409; -0.45681; -0.36356; -0.39300; -0.12707; -0.19710; 33.20000;
"4-CH3O-Ph"; -165.01000; -773.62000; -15.95000; -104.32000; -772.26000; -11.25000; -0.36122; -0.34161; -0.42998; -0.36122; -0.45127; -0.09099; -0.22829; 1; 1.36360; 1.11930; 1.43550; 1.19120; 1.45060; 1.18560; 1.43550; 1.19120; -783.50000; -772.26000; -624.53000; -801.47000; 179.75; 122.67; 0.2471; 0.0000; -0.27456; -0.42206; -0.36843; -0.38040; -0.06917; -0.20076; -8.32000;
