Name #1; dE(+N2) #2; dE(AE) #3; dE(ST) #4; dG(+N2) #5; dG(AE) #6; dG(ST) #7; LUMO(min) #8; LUMO(S) #9; HOMO(S) #10; LUMO(T) #11; HOMO(T) #12; LUMO(D) #13; HOMO(D) #14; State #15; C-N(S) #16; N-N(S) #17; C-N(T) #18; N-N(T) #19; C-N(D) #20; N-N(D) #21; C-N(min) #22; N-N(min) #23; AE(S) #24; AE(T) #25; AE(S) N2 #26; AE(T) N2 #27; C-N-N(S) #28; C-N-N(T) #29; RSD(S) #30; RSD(T) #31; LUMO_N2(S) #32; HOMO_N2(S) #33; LUMO_N2(T) #34; HOMO_N2(T) #35; LUMO_N2(D) #36; HOMO_N2(D) #37;  dE(+N2) (D) #38;
"CH3"; -199.59000; -954.08000; 339.69000; -142.34000; -959.69000; 319.18000; -0.54428; -0.48659; -0.78329; -0.54428; -0.63229; -0.08060; -0.23724; 1; 1.45580; 1.10290; 1.39320; 1.23210; 1.50880; 1.17690; 1.39320; 1.23210; -959.69000; -1278.87000; -718.93000; -1172.72000; 180.00; 126.57; 0.0000; 0.0000; -0.32639; -0.68486; -0.54132; -0.54061; -0.07365; -0.20722; 43.74000;
"C2H5"; -53.88000; -788.09000; 353.31000; 3.44000; -796.17000; 322.99000; -0.49672; -0.32403; -0.65013; -0.49672; -0.48375; -0.06055; -0.20674; 1; 1.48930; 1.10320; 1.41610; 1.20980; 1.52580; 1.17600; 1.41610; 1.20980; -796.17000; -1119.17000; -692.89000; -1101.51000; 178.04; 123.73; 0.0000; 0.0000; -0.30953; -0.59087; -0.50061; -0.48123; -0.07012; -0.20197; 48.75000;
"1-CH3-C2H4"; 9.98000; -709.39000; 369.06000; 70.31000; -714.86000; 344.18000; -0.46664; -0.34796; -0.60511; -0.46664; -0.46545; -0.04846; -0.18678; 1; 1.54420; 1.10330; 1.43190; 1.19490; 1.55220; 1.17370; 1.43190; 1.19490; -714.86000; -1059.04000; -669.66000; -1054.03000; 178.28; 122.45; 0.0000; 0.0000; -0.29321; -0.57373; -0.44350; -0.43443; -0.06562; -0.19585; 55.76000;
"1,1-(CH3)2-C2H3"; -7.79000; -650.04000; 380.03000; 19.95000; -648.74000; 366.22000; -0.42803; -0.32156; -0.58632; -0.42803; -0.43523; -0.04224; -0.17540; 1; 0.00000; 0.00000; 1.46230; 1.18810; 1.58960; 1.17020; 1.46230; 1.18810; -648.74000; -1014.97000; -549.08000; -1017.14000; 0.00; 121.24; 0.0000; 0.0000; -0.31408; -0.56860; -0.41586; -0.41460; -0.06567; -0.19185; 61.85000;
